{
  "experiment": "Light checkpoint save/load smoke",
  "checkpoint_path": "checkpoints/light_step20.pt",
  "epoch_loaded": 0,
  "global_step_loaded": 20,
  "train_losses": [
    7.7764,
    7.7218,
    7.7573,
    7.784,
    7.7604,
    7.7188,
    7.7574,
    7.7636,
    7.7221,
    7.7515,
    7.6746,
    7.8006,
    7.7419,
    7.6928,
    7.7074,
    7.6682,
    7.6769,
    7.7387,
    7.6715,
    7.6712
  ],
  "loss_before_save": 7.626362,
  "loss_after_load": 7.626362,
  "loss_abs_diff": 0.0,
  "max_param_diff": 0.0,
  "elapsed_sec": 0.665,
  "figure_path": "figures/light_checkpoint_loss.png"
}